{"cameraMode":{"drawMode":0,"name":"Shaded","section":"Shading Mode"},"sceneLighting":true,"audioPlay":false,"sceneViewState":{"m_AlwaysRefresh":false,"showFog":true,"showSkybox":true,"showFlares":true,"showImageEffects":true,"showParticleSystems":true,"showVisualEffectGraphs":true,"m_FxEnabled":true},"in2DMode":false,"pivot":{"x":27.908170700073243,"y":-3.4391822814941408,"z":-3.281674385070801},"rotation":{"x":-0.012052962556481362,"y":-0.855782151222229,"z":0.5168393850326538,"w":-0.020045220851898195},"size":24.89568328857422,"orthographic":false}